3.630	1.690	6.038	3.051	4.413	1.236	3.343
3.352	1.792	6.004	3.111	4.297	1.236	3.299
3.108	1.913	5.937	3.200	4.282	1.328	3.295
2.981	2.009	5.996	3.204	4.297	1.439	3.321
2.808	2.062	5.863	3.230	4.313	1.702	3.330
2.628	1.989	5.791	3.256	4.606	1.738	3.335
2.502	1.746	5.960	3.418	4.691	1.844	3.360
2.272	1.878	6.053	3.641	4.791	1.750	3.397
2.065	2.241	5.996	3.598	4.884	2.087	3.479
1.749	2.535	6.311	3.536	4.760	2.037	3.488
1.527	2.608	6.511	3.718	4.922	1.931	3.536
1.577	2.491	6.648	4.015	4.868	1.873	3.579
1.654	2.336	6.908	4.267	5.053	1.502	3.620
1.663	2.265	7.136	4.408	4.922	0.848	3.540
1.676	2.234	7.081	4.202	4.807	0.525	3.421
1.542	2.152	6.850	4.180	4.861	0.318	3.317
1.452	2.345	6.507	4.790	5.038	0.215	3.391
1.536	2.873	6.369	5.443	4.753	0.275	3.541
1.573	3.455	6.074	5.946	4.606	0.402	3.676
1.658	3.936	5.857	6.352	4.421	0.537	3.794
1.774	4.403	5.896	6.769	4.328	0.660	3.972
1.919	4.781	5.969	7.183	3.958	0.578	4.065
1.996	5.038	6.199	7.494	3.642	0.545	4.152
2.007	5.430	5.796	7.790	3.510	0.453	4.164
1.912	5.578	5.493	7.933	3.372	0.364	4.109
1.757	5.681	5.457	8.278	3.071	0.349	4.099
1.715	5.699	5.462	8.570	2.901	0.453	4.133
1.605	5.917	5.728	8.861	2.901	0.588	4.267
1.666	6.212	6.070	9.095	3.163	0.697	4.484
1.775	6.432	6.005	9.244	3.433	0.730	4.603
1.797	6.441	5.448	9.310	3.302	0.829	4.521
1.872	6.412	4.921	9.260	3.140	1.003	4.435
1.765	6.221	5.349	9.424	2.747	1.135	4.440
1.615	5.687	5.809	9.186	2.376	1.215	4.315
1.293	5.261	6.035	9.065	2.245	1.179	4.180
1.021	4.792	6.519	9.113	1.991	0.885	4.053
0.804	4.579	6.840	9.079	1.967	0.429	3.950
0.767	4.188	7.128	9.119	2.029	0.183	3.902
0.765	3.582	7.072	8.960	1.921	0.060	3.727
0.846	3.190	6.924	8.850	2.129	0.053	3.665
0.938	2.806	6.461	8.743	2.369	0.104	3.570
1.057	2.456	6.446	8.594	2.515	0.255	3.554
1.061	2.352	6.788	8.846	2.052	0.566	3.611
1.032	2.115	6.943	8.751	1.674	0.660	3.529
0.985	2.001	6.941	8.562	1.258	0.668	3.402
1.033	1.734	6.557	8.590	1.150	0.566	3.272
1.115	1.507	6.020	8.655	1.119	0.663	3.180
1.088	1.369	5.948	8.674	1.134	0.660	3.146
1.055	1.505	5.580	8.488	1.150	0.687	3.077
1.128	1.771	5.525	8.212	1.312	0.639	3.098
1.264	1.906	5.077	7.800	1.474	0.641	3.027
1.356	2.114	5.317	7.372	1.474	0.629	3.044
1.486	2.515	5.244	7.154	1.504	0.571	3.079
1.589	2.926	4.861	7.237	1.535	0.504	3.109
1.731	3.218	3.231	7.533	1.466	0.439	2.936
1.847	3.727	2.468	7.759	1.481	0.402	2.947
1.876	4.432	1.984	8.119	1.389	0.453	3.042
1.974	5.266	1.578	8.274	1.327	0.453	3.145
1.940	5.898	1.240	8.157	1.504	0.395	3.189
1.802	6.506	1.234	8.208	1.466	0.313	3.255
1.680	7.363	1.358	8.079	1.450	0.190	3.353
1.783	8.162	1.393	7.496	1.582	0.092	3.418
1.937	8.779	1.462	6.870	1.690	0.087	3.471
2.045	9.442	2.089	6.178	1.774	0.101	3.605
2.205	9.616	2.746	5.673	1.072	0.099	3.568
2.499	9.618	2.729	5.412	0.818	0.118	3.532
2.755	9.165	2.361	5.068	0.887	0.157	3.399
2.824	8.726	2.095	4.556	0.795	0.234	3.205
2.887	7.677	1.943	4.858	0.679	0.219	3.044
2.962	6.354	1.647	5.370	0.980	0.202	2.919
2.914	5.371	1.547	5.602	1.335	0.212	2.830
2.911	4.293	1.386	6.120	2.060	0.246	2.836
2.951	3.637	1.409	6.299	2.947	0.272	2.919
2.857	3.306	1.285	6.600	3.842	0.280	3.028
2.887	3.070	1.301	6.660	4.753	0.292	3.160
2.902	2.773	1.307	6.714	5.053	0.308	3.176
2.976	2.308	1.480	6.759	5.246	0.255	3.171
2.938	1.919	1.561	6.614	5.331	0.241	3.101
2.958	1.740	1.542	6.581	5.262	0.222	3.051
2.896	1.560	1.666	6.357	5.347	0.212	3.006
2.839	1.368	1.761	6.358	5.439	0.236	3.000
2.697	1.293	1.815	6.092	5.524	0.301	2.954
2.479	1.219	2.018	5.930	5.609	0.364	2.936
2.300	1.143	2.272	5.959	5.570	0.402	2.941
2.194	1.034	2.688	5.943	4.776	0.376	2.835
2.122	1.040	2.711	5.880	3.896	0.313	2.660
2.044	1.049	2.697	5.693	3.588	0.313	2.564
1.962	1.057	2.477	5.324	3.634	0.289	2.457
1.857	1.037	2.573	5.001	3.588	0.378	2.406
1.881	1.091	2.712	4.836	3.696	0.586	2.467
2.097	1.074	2.624	4.843	4.267	0.764	2.612
2.145	1.131	2.691	5.008	4.706	0.815	2.749
2.037	1.216	2.808	4.963	4.683	0.885	2.765
1.795	1.211	2.681	4.594	4.861	0.841	2.664
1.531	1.330	2.571	4.377	5.339	0.863	2.668
1.151	1.320	2.484	4.367	5.570	0.885	2.629
0.876	1.371	2.411	4.338	5.447	0.921	2.561
0.704	1.415	2.575	4.318	5.115	0.950	2.513
0.657	1.397	2.754	4.463	4.999	0.880	2.525
0.656	1.312	2.660	4.484	5.015	0.742	2.478
0.613	1.154	2.707	4.773	5.269	0.670	2.531
0.590	1.040	2.634	5.239	5.131	0.566	2.533
0.685	0.938	2.596	5.437	5.709	0.480	2.641
0.793	1.003	2.674	5.411	6.257	0.369	2.751
0.901	1.128	3.097	5.380	6.326	0.282	2.852
0.910	1.069	3.247	5.185	6.967	0.215	2.932
0.845	0.951	3.469	4.831	6.836	0.118	2.842
0.755	0.731	3.931	4.353	7.476	0.075	2.887
0.707	0.576	3.827	3.931	7.684	0.118	2.807
0.742	0.497	3.804	3.462	7.808	0.210	2.754
0.769	0.419	3.776	2.790	7.599	0.227	2.597
0.763	0.402	3.909	2.202	7.538	0.330	2.524
0.774	0.442	4.004	1.809	7.414	0.460	2.484
0.815	0.539	4.173	1.610	7.206	0.709	2.509
0.933	0.628	4.218	1.505	7.191	0.901	2.563
1.010	0.680	4.013	1.394	7.121	0.947	2.528
1.010	0.684	4.112	1.132	6.951	0.759	2.441
0.998	0.690	4.078	0.935	6.620	0.516	2.306
1.043	0.784	3.941	0.748	6.288	0.598	2.234
1.196	0.875	3.866	0.638	5.987	0.824	2.231
1.342	0.905	3.999	0.525	5.840	0.945	2.259
1.535	0.900	4.408	0.411	5.609	1.041	2.317
1.602	0.898	4.825	0.317	4.876	0.901	2.237
1.712	0.934	4.997	0.291	4.459	0.752	2.191
1.824	0.955	5.039	0.321	4.313	0.668	2.187
1.871	1.020	5.232	0.391	4.560	0.523	2.266
1.925	1.230	5.054	0.500	4.498	0.511	2.286
1.867	1.499	4.704	0.637	4.321	0.817	2.308
1.883	1.538	4.683	0.768	4.290	0.812	2.329
1.814	1.500	4.998	0.924	3.850	0.636	2.287
1.447	1.549	5.143	1.083	4.259	0.453	2.322
1.139	1.609	5.269	1.212	4.591	0.308	2.355
1.003	1.656	5.105	1.200	4.969	0.178	2.352
1.007	1.659	4.930	1.329	5.115	0.108	2.358
1.051	1.744	4.951	1.529	5.501	0.111	2.481
0.988	1.840	4.645	1.825	5.601	0.082	2.497
0.945	1.982	4.500	2.351	6.010	0.145	2.655
0.874	2.160	4.130	2.864	6.134	0.229	2.732
0.933	2.170	4.102	3.313	5.918	0.460	2.816
1.078	2.144	3.853	3.385	5.640	0.747	2.808
1.314	2.092	3.317	3.437	5.316	1.060	2.756
1.507	1.955	3.906	3.278	4.783	1.282	2.785
1.510	1.901	3.710	3.416	4.467	1.586	2.765
1.486	1.814	3.782	3.380	4.259	1.540	2.710
1.358	1.463	3.965	3.259	4.058	1.562	2.611
1.122	1.131	3.973	3.050	4.058	1.412	2.458
0.871	0.922	3.856	2.920	4.027	1.070	2.278
0.616	0.787	3.970	3.085	3.904	0.798	2.193
0.437	0.622	4.022	3.098	4.081	0.557	2.136
0.376	0.540	4.154	3.000	4.429	0.477	2.163
0.394	0.565	4.403	3.007	4.506	0.774	2.275
0.521	0.752	4.965	2.869	4.344	0.781	2.372
0.693	1.036	5.650	2.731	4.236	0.827	2.529
0.649	1.237	6.142	2.576	4.359	0.971	2.656
0.422	1.424	6.299	2.509	4.321	0.807	2.630
0.287	1.310	6.480	2.543	3.996	0.583	2.533
0.242	1.158	6.829	2.629	3.881	0.431	2.528
0.215	1.052	7.061	2.741	3.757	0.268	2.516
0.191	1.085	7.177	2.580	3.541	0.164	2.456
0.174	1.184	7.224	2.492	3.480	0.118	2.445
0.187	1.324	7.554	2.653	3.364	0.149	2.539
0.252	1.683	7.691	3.059	3.518	0.190	2.732
0.402	2.376	7.428	3.590	3.642	0.215	2.942
0.468	2.980	7.327	4.007	3.603	0.231	3.103
0.490	3.413	7.145	4.511	3.302	0.272	3.189
0.459	3.888	6.710	4.940	3.048	0.241	3.214
0.488	4.173	6.587	5.140	2.723	0.183	3.216
0.504	4.560	6.297	5.217	2.662	0.130	3.228
0.578	4.797	5.966	5.308	2.446	0.154	3.208
0.703	4.935	5.765	5.585	2.083	0.161	3.205
0.821	4.913	5.475	5.806	1.682	0.202	3.150
0.899	5.202	5.585	5.906	1.350	0.200	3.190
0.963	5.458	5.618	5.940	1.258	0.202	3.240
1.084	5.747	5.416	5.938	1.211	0.255	3.275
1.155	6.144	5.601	6.205	1.134	0.299	3.423
1.105	6.519	5.494	6.395	1.003	0.263	3.463
1.143	7.045	5.631	6.369	0.849	0.333	3.562
1.115	7.411	5.231	6.412	0.679	0.412	3.543
1.294	7.752	4.838	6.399	0.501	0.523	3.551
1.078	8.023	4.751	6.332	0.370	0.576	3.522
1.115	8.219	5.115	6.101	0.378	0.509	3.573
1.252	8.333	4.960	5.894	0.440	0.354	3.539
1.336	8.484	5.264	5.865	0.401	0.231	3.597
1.363	7.840	5.311	5.649	0.332	0.166	3.444
1.130	6.856	5.808	5.919	0.332	0.159	3.367
1.130	6.320	6.023	6.021	0.378	0.190	3.344
1.312	5.945	6.209	6.481	0.347	0.415	3.451
1.762	5.749	6.714	7.053	0.285	0.800	3.727
2.028	5.501	6.795	7.570	0.370	1.350	3.936
2.355	5.409	6.215	7.990	0.463	1.820	4.042
2.759	5.336	6.013	8.034	0.656	2.434	4.205
2.966	5.682	5.268	8.076	0.772	3.102	4.311
2.879	6.274	4.743	7.927	1.018	3.726	4.428
2.436	7.069	4.753	7.856	0.964	4.700	4.630
2.122	7.631	4.884	7.988	0.964	5.435	4.837
1.804	7.639	4.649	8.406	0.872	5.741	4.852
1.819	8.330	4.441	8.872	0.841	5.683	4.998
1.830	8.804	4.312	9.351	0.872	4.873	5.007
1.987	9.165	4.801	9.701	0.988	4.066	5.118
2.099	9.332	5.503	9.958	1.103	3.473	5.245
1.995	9.275	6.038	10.233	1.288	2.974	5.301
1.963	9.159	6.290	10.497	1.288	2.410	5.268
1.956	9.133	6.351	10.525	1.258	1.916	5.190
1.895	8.990	6.152	10.283	1.558	1.217	5.016
1.826	9.028	5.962	10.384	1.805	0.774	4.963
1.815	9.192	5.924	10.483	1.975	0.550	4.990
1.793	9.174	5.526	10.589	2.122	0.311	4.919
1.744	9.177	5.545	10.650	2.099	0.280	4.916
1.740	9.262	5.892	10.673	2.029	0.316	4.985
1.731	9.394	6.311	10.578	2.407	0.431	5.142
1.856	9.644	6.704	10.203	2.955	0.839	5.367
2.023	9.689	6.947	9.767	3.580	1.147	5.526
2.140	9.793	7.005	9.231	3.804	1.379	5.559
2.186	9.761	6.786	8.466	3.935	2.003	5.523
2.057	9.586	6.340	7.739	3.950	2.480	5.359
2.018	9.378	6.661	7.429	4.050	2.974	5.418
2.024	9.396	6.411	7.066	4.213	3.095	5.367
2.079	9.461	6.168	7.127	4.398	2.564	5.300
2.225	9.429	5.675	7.250	4.436	2.121	5.189
2.292	9.349	5.344	7.738	4.336	1.781	5.140
2.353	9.271	4.871	8.203	4.220	1.470	5.065
2.532	9.124	4.821	8.585	3.942	1.171	5.029
2.742	8.967	5.366	9.243	4.104	1.036	5.243
2.895	9.019	5.636	9.659	4.166	1.041	5.403
2.880	9.220	5.792	9.991	3.611	0.885	5.396
2.655	9.068	5.963	10.099	3.526	0.733	5.341
2.284	9.072	6.271	10.237	3.510	0.571	5.324
1.808	9.124	6.466	10.419	3.418	0.400	5.273
1.570	9.132	6.823	10.392	3.572	0.258	5.291
1.286	9.242	6.904	10.254	3.456	0.227	5.228
1.200	9.174	7.028	10.196	3.410	0.246	5.209
1.214	9.022	7.003	10.062	2.801	0.316	5.070
1.213	8.570	6.902	10.076	2.569	0.333	4.944
1.570	8.181	6.911	10.017	2.453	0.494	4.938
2.038	7.813	6.790	9.877	2.415	0.764	4.950
2.338	7.290	6.627	9.742	1.975	1.169	4.857
2.576	6.361	6.603	9.551	1.952	1.364	4.735
2.785	5.608	6.390	9.321	1.875	1.523	4.584
2.876	5.171	6.547	8.947	1.628	1.617	4.464
3.071	4.662	6.590	8.747	1.281	1.301	4.275
3.208	4.545	6.267	8.524	1.381	1.089	4.169
3.192	4.614	6.027	8.453	1.829	1.044	4.193
3.419	4.935	5.998	8.222	2.199	1.412	4.364
3.720	4.942	5.980	8.169	2.369	2.511	4.615
4.028	5.044	5.962	8.261	2.677	3.179	4.858
4.302	5.478	6.004	8.342	2.608	3.420	5.026
4.326	5.980	6.014	8.711	2.978	3.145	5.192
4.491	6.689	6.047	8.936	3.449	2.919	5.422
4.623	6.898	5.913	9.309	3.534	3.001	5.546
4.571	6.825	6.002	9.370	3.449	2.902	5.520
4.407	6.496	6.391	9.630	3.595	2.733	5.542
4.169	6.496	6.582	9.803	3.935	2.610	5.599
3.936	6.714	6.704	9.966	4.483	2.661	5.744
3.763	6.738	6.813	9.999	5.131	2.307	5.792
3.497	6.586	6.948	10.078	5.694	1.815	5.770
3.200	6.050	6.999	9.962	6.149	1.386	5.624
3.024	5.470	7.063	9.880	6.674	1.571	5.614
2.816	5.403	7.112	10.016	6.897	1.909	5.692
2.761	6.061	7.193	9.994	6.967	2.449	5.904
2.650	6.622	7.227	10.019	7.445	2.827	6.132
2.539	6.875	7.168	9.804	7.507	3.080	6.162
2.310	6.996	6.753	9.446	7.746	3.268	6.087
2.098	7.000	6.295	8.974	8.008	3.283	5.943
2.128	6.836	6.005	8.775	7.623	2.964	5.722
2.217	6.885	5.814	8.686	7.391	2.803	5.633
2.293	7.042	5.786	8.569	7.175	2.309	5.529
2.417	7.137	5.787	8.232	7.229	1.820	5.437
2.694	7.223	5.674	7.927	6.990	1.487	5.333
2.864	7.402	5.303	7.840	6.373	1.439	5.203
2.938	7.527	5.196	8.123	5.779	1.641	5.201
3.101	7.593	4.923	8.752	6.141	1.875	5.398
3.292	7.738	4.921	9.052	6.272	2.073	5.558
3.485	8.012	4.921	9.274	5.694	2.299	5.614
3.588	8.013	5.307	9.418	5.462	2.548	5.723
3.544	7.929	6.698	9.861	5.748	2.388	6.028
3.404	7.885	6.939	10.145	5.262	2.316	5.992
3.466	7.956	7.072	10.211	5.617	1.979	6.050
3.651	7.929	7.165	10.249	6.396	1.824	6.202
3.649	7.736	7.124	10.225	6.604	1.735	6.179
3.576	7.591	6.693	10.227	6.720	1.422	6.038
3.374	7.534	6.043	10.015	6.566	1.171	5.784
3.416	7.747	5.184	9.853	7.098	1.321	5.770
3.813	8.007	5.435	9.819	7.075	1.658	5.968
4.104	8.270	5.738	9.943	6.689	2.111	6.143
4.266	8.383	5.922	9.923	6.651	2.605	6.292
4.377	8.583	5.895	9.780	6.519	2.839	6.332
4.541	8.679	5.667	9.253	6.473	2.989	6.267
4.643	8.627	5.574	8.633	6.813	3.237	6.254
4.568	8.515	5.692	8.060	6.658	3.473	6.161
4.364	8.326	5.951	7.568	6.411	3.921	6.090
4.175	8.298	5.509	7.192	6.195	4.198	5.928
3.966	8.499	5.155	7.130	5.964	4.174	5.815
3.964	8.401	5.037	7.415	6.033	4.136	5.831
3.921	8.495	5.143	7.799	5.617	4.049	5.837
3.900	8.533	5.615	8.324	5.200	4.136	5.951
3.898	8.582	6.040	8.655	6.033	4.155	6.227
3.963	8.366	6.186	8.981	6.103	4.367	6.328
3.939	8.111	5.824	8.889	5.894	4.423	6.180
3.597	7.951	4.976	8.917	5.902	4.447	5.965
3.227	7.400	5.021	8.839	5.902	4.247	5.773
3.358	7.277	5.197	8.544	5.817	4.145	5.723
3.585	7.725	5.623	8.119	6.126	4.061	5.873
3.776	7.990	6.012	7.858	6.242	4.035	5.985
3.688	7.863	6.248	7.629	6.218	3.945	5.932
3.519	7.658	6.034	7.312	6.311	3.430	5.711
3.277	7.229	6.203	7.011	6.404	3.172	5.549
3.191	6.660	6.160	6.828	6.411	3.189	5.406
3.219	6.531	5.835	6.650	6.342	2.952	5.255
3.294	6.500	5.682	6.289	6.512	2.656	5.155
3.237	6.776	6.174	6.505	6.465	2.208	5.227
3.230	6.930	6.325	6.534	6.126	1.955	5.183
3.372	7.267	6.328	6.250	5.478	1.723	5.070
3.513	7.661	6.392	5.872	5.215	1.730	5.064
3.777	7.528	6.236	5.616	4.398	1.427	4.830
3.874	7.564	6.213	5.227	3.688	1.116	4.614
3.838	7.765	5.979	5.267	2.631	1.294	4.462
3.858	7.789	5.797	5.512	2.284	1.509	4.458
3.542	7.187	5.837	6.018	2.052	1.762	4.400
3.087	6.607	6.134	6.700	2.006	1.511	4.341
2.821	7.319	6.713	7.576	1.774	0.950	4.525
2.716	7.829	6.623	7.809	1.319	0.725	4.504
2.643	7.824	6.943	7.741	0.856	0.576	4.431
2.518	7.645	6.977	7.569	0.671	0.665	4.341
2.448	7.411	6.830	7.410	0.540	0.791	4.238
2.662	7.215	6.802	7.300	0.656	0.921	4.259
2.914	7.297	6.600	6.757	0.633	1.179	4.230
3.033	7.099	6.557	5.929	0.579	1.439	4.106
3.146	6.257	6.582	5.200	0.548	1.564	3.883
3.140	4.937	6.682	5.125	0.640	1.755	3.713
3.096	4.373	6.741	5.113	0.748	2.119	3.698
3.304	5.022	7.014	5.094	0.941	2.350	3.954
3.597	6.024	7.180	5.077	1.119	3.013	4.335
3.927	6.947	7.096	5.233	1.474	3.830	4.751
4.308	7.702	6.869	5.308	1.836	4.030	5.009
4.503	8.252	6.812	5.281	2.214	4.861	5.321
4.669	8.540	6.673	5.178	2.407	5.490	5.493
4.765	8.874	6.761	5.125	2.723	5.927	5.696
4.784	9.032	6.566	5.164	3.055	6.370	5.829
4.745	9.221	6.647	5.437	3.032	6.698	5.963
4.736	9.348	6.641	5.972	2.939	7.038	6.112
4.598	9.366	6.402	6.602	2.685	7.288	6.157
4.496	9.405	6.419	7.272	2.538	7.397	6.254
4.571	9.432	6.524	8.017	2.276	7.626	6.408
4.717	9.451	6.663	8.389	2.153	7.732	6.517
5.007	9.404	6.352	8.772	2.207	7.925	6.611
5.271	9.139	6.118	8.895	1.883	8.151	6.576
5.218	9.030	5.743	9.043	1.944	8.235	6.536
5.292	8.748	5.562	9.151	1.991	8.501	6.541
5.489	8.544	5.321	9.258	2.507	9.108	6.704
5.467	8.935	4.925	8.972	2.500	9.185	6.664
5.628	9.083	5.115	8.830	2.145	9.014	6.636
5.811	8.690	5.769	8.799	2.037	9.171	6.713
5.847	8.227	5.702	8.796	1.852	8.517	6.490
5.755	7.876	5.923	8.767	1.582	6.806	6.118
5.737	7.472	6.294	9.019	1.859	6.252	6.105
6.077	6.774	6.791	9.302	2.376	6.985	6.384
6.325	6.281	6.797	9.148	2.693	6.973	6.369
6.792	6.082	7.122	8.917	2.122	6.823	6.310
6.881	5.499	7.167	8.471	1.682	6.958	6.110
6.428	4.937	7.144	8.197	1.906	7.387	6.000
5.990	4.201	7.128	7.800	2.091	7.859	5.845
5.589	3.318	6.942	7.505	2.068	7.811	5.539
5.237	2.938	6.836	7.471	2.075	7.915	5.412
4.809	2.594	6.635	7.245	1.883	8.052	5.203
4.982	2.487	6.477	6.918	1.821	7.643	5.055
5.105	2.381	6.138	6.583	1.890	6.375	4.745
4.902	2.335	5.796	6.180	1.489	5.498	4.367
4.947	2.485	5.520	5.834	1.450	5.273	4.252
5.179	2.365	5.137	5.438	1.319	4.449	3.981
5.366	2.151	4.672	4.773	1.273	3.972	3.701
5.396	1.993	4.848	4.252	1.173	3.495	3.526
5.774	1.652	4.676	3.774	1.150	3.234	3.377
6.333	1.504	4.481	3.160	1.312	3.384	3.362
7.066	1.585	4.572	2.653	1.304	3.005	3.364
7.639	1.566	4.503	2.012	1.180	2.842	3.290
7.528	1.542	4.787	1.515	1.011	2.981	3.227
6.916	1.380	4.471	1.303	0.841	3.184	3.016
6.401	1.387	4.551	1.456	0.779	2.803	2.896
5.621	1.386	4.899	1.529	0.710	2.663	2.801
5.442	1.475	4.937	1.553	0.679	2.738	2.804
5.674	1.494	4.505	1.494	0.617	2.817	2.767
5.471	1.630	4.512	1.471	0.447	2.670	2.700
5.470	1.584	4.653	1.373	0.386	2.591	2.676
5.451	1.599	4.411	1.295	0.478	2.012	2.541
5.435	1.557	4.239	1.359	0.409	1.629	2.438
5.277	1.513	4.106	1.455	0.386	1.687	2.404
4.915	1.600	3.926	1.593	0.540	1.502	2.346
4.561	1.607	3.667	1.700	0.694	1.063	2.215
4.364	1.452	3.627	1.813	0.795	0.964	2.169
4.046	1.305	3.756	1.877	0.872	1.000	2.143
3.745	1.233	3.917	1.951	0.802	1.005	2.109
3.706	1.123	4.064	2.008	0.741	0.904	2.091
3.562	1.065	4.209	2.193	0.748	0.819	2.099
3.314	1.081	4.444	2.146	0.864	0.786	2.106
3.048	1.189	4.490	1.945	1.026	0.675	2.062
3.012	1.272	4.254	1.760	1.042	0.496	1.973
3.176	1.190	4.115	1.738	0.941	0.593	1.959
3.436	1.256	3.903	1.862	0.934	0.766	2.026
3.684	1.635	3.991	1.840	1.119	1.181	2.242
3.710	1.713	3.750	1.538	1.250	1.634	2.266
3.513	1.618	3.451	1.480	1.342	2.176	2.263
3.203	1.683	3.215	1.790	1.566	2.801	2.376
3.101	2.164	3.185	2.230	1.875	3.868	2.737
3.305	2.673	3.024	2.416	1.859	5.346	3.104
3.482	3.117	2.823	2.413	1.836	6.840	3.418
3.527	3.223	2.417	2.579	1.944	7.840	3.588
3.483	3.264	2.168	2.626	1.844	8.125	3.585
3.620	3.242	1.886	2.557	1.674	8.103	3.514
3.664	3.203	1.740	2.574	1.736	7.975	3.482
3.741	3.222	1.994	2.616	1.836	7.346	3.459
3.822	3.172	2.045	2.598	1.813	6.601	3.342
3.803	3.217	2.180	2.712	1.759	5.765	3.239
3.659	3.163	1.918	2.759	1.859	5.131	3.082
3.706	3.073	2.038	2.725	1.867	4.488	2.983
3.665	2.864	2.201	2.671	2.060	3.830	2.882
3.599	2.877	2.543	2.764	2.399	3.393	2.929
3.428	2.960	2.893	2.569	3.102	2.907	2.976
3.117	2.868	2.969	2.341	3.487	2.384	2.861
2.826	2.593	3.160	2.065	3.379	1.976	2.667
2.806	2.282	3.476	1.840	3.950	1.511	2.644
2.843	1.982	3.846	1.682	4.020	1.152	2.588
2.754	1.832	3.986	1.470	3.788	0.742	2.429
2.689	1.729	4.072	1.307	3.680	0.593	2.345
2.989	1.677	4.180	1.179	4.143	0.658	2.471
3.568	1.652	4.090	1.136	3.850	1.080	2.563
3.935	1.746	4.046	1.222	3.958	2.068	2.829
4.048	2.160	4.030	1.403	3.966	3.741	3.225
3.801	2.285	3.758	1.449	4.074	6.088	3.576
3.660	2.145	3.500	1.394	4.668	7.770	3.856
3.432	2.022	3.463	1.344	5.177	8.587	4.004
2.998	1.870	3.364	1.257	5.486	9.002	3.996
2.734	1.695	3.180	1.188	5.370	9.253	3.903
2.659	1.531	2.770	1.070	5.648	9.477	3.859
2.713	1.400	2.322	0.896	5.624	9.484	3.740
2.722	1.270	2.017	0.748	5.632	9.344	3.622
2.886	1.163	1.845	0.620	6.018	9.315	3.641
3.458	1.138	1.857	0.509	5.925	9.202	3.681
4.042	1.153	1.550	0.449	6.041	9.103	3.723
4.440	1.207	1.235	0.481	6.234	8.872	3.745
4.631	1.172	0.989	0.552	6.257	8.433	3.672
4.925	1.136	0.721	0.580	6.249	8.026	3.606
5.248	1.063	0.491	0.516	6.720	7.462	3.583
5.031	0.855	0.352	0.419	7.129	6.389	3.363
4.923	0.629	0.362	0.318	7.106	5.671	3.168
4.864	0.484	0.289	0.270	7.083	5.081	3.012
4.754	0.430	0.239	0.262	6.836	4.690	2.869
4.835	0.369	0.226	0.257	6.396	4.476	2.760
4.612	0.360	0.279	0.288	6.103	4.068	2.618
4.386	0.357	0.420	0.351	5.902	3.350	2.461
4.094	0.324	0.476	0.423	6.164	2.962	2.407
3.790	0.337	0.472	0.468	5.925	2.861	2.309
3.834	0.374	0.490	0.462	5.532	2.832	2.254
3.878	0.392	0.647	0.456	5.339	2.926	2.273
3.921	0.401	0.777	0.466	5.339	2.658	2.260
3.743	0.402	0.724	0.472	5.146	2.393	2.147
3.433	0.379	0.603	0.466	5.077	2.326	2.047
3.263	0.374	0.610	0.453	5.061	2.299	2.010
3.362	0.451	0.648	0.421	4.868	2.234	1.997
3.483	0.502	0.660	0.414	4.907	1.904	1.978
3.581	0.600	0.728	0.385	4.405	1.627	1.888
3.430	0.663	0.745	0.342	4.166	1.690	1.839
2.901	0.712	0.793	0.316	3.726	1.957	1.734
2.598	0.785	0.859	0.302	3.534	2.427	1.751
2.473	0.847	0.980	0.305	3.618	3.254	1.913
2.453	0.828	1.108	0.298	3.618	4.271	2.096
2.250	0.798	1.203	0.266	4.035	4.779	2.222
1.938	0.739	1.323	0.213	4.351	4.799	2.227
1.857	0.629	1.502	0.166	4.452	4.844	2.242
2.012	0.484	1.785	0.129	4.436	5.085	2.322
2.322	0.492	1.838	0.118	4.521	5.114	2.401
2.470	0.510	1.863	0.131	4.475	5.052	2.417
2.324	0.555	2.115	0.136	4.521	4.934	2.431
2.144	0.594	2.619	0.137	4.367	5.001	2.477
2.022	0.631	2.940	0.162	4.174	4.941	2.478
1.723	0.702	3.005	0.184	4.236	5.100	2.492
1.746	0.820	3.288	0.189	4.367	5.500	2.652
1.896	0.917	3.654	0.198	4.398	6.182	2.874
2.025	1.011	4.006	0.244	4.205	6.360	2.975
2.153	1.127	4.075	0.253	3.804	5.861	2.879
2.333	1.339	4.034	0.278	3.588	5.695	2.878
2.622	1.550	3.944	0.297	3.294	5.893	2.933
3.038	1.653	3.818	0.291	2.831	5.924	2.926
3.315	1.763	3.667	0.301	2.299	5.032	2.730
3.536	1.884	3.263	0.310	1.759	4.693	2.574
3.928	1.992	2.970	0.325	1.535	5.355	2.684
4.075	1.917	2.588	0.369	1.666	5.582	2.699
4.351	1.979	2.439	0.443	1.906	5.859	2.830
4.476	2.054	2.227	0.511	1.805	6.300	2.896
4.491	2.051	2.207	0.579	1.929	6.640	2.983
4.420	1.768	2.116	0.604	2.029	6.980	2.986
4.184	1.499	1.778	0.521	2.261	7.269	2.919
4.396	1.218	1.565	0.469	2.369	7.594	2.935
4.594	1.005	1.392	0.418	2.106	8.009	2.921
4.999	0.882	1.184	0.437	2.284	8.296	3.014
5.428	0.805	0.862	0.481	2.145	8.609	3.055
5.463	0.824	0.759	0.588	2.183	8.814	3.105
5.634	0.945	0.614	0.790	2.384	8.778	3.191
5.502	1.104	0.597	0.990	2.330	8.693	3.203
5.448	1.297	0.618	1.193	1.875	8.725	3.193
5.483	1.442	0.714	1.354	1.713	8.657	3.227
5.496	1.337	0.684	1.380	1.651	8.460	3.168
5.689	1.291	0.611	1.392	1.620	8.484	3.181
5.626	1.226	0.562	1.412	1.628	8.517	3.162
5.688	1.255	0.637	1.406	1.852	8.472	3.218
5.831	1.316	0.632	1.306	1.774	8.705	3.261
5.862	1.350	0.647	1.238	1.335	8.773	3.201
5.750	1.344	0.682	1.199	1.273	8.638	3.148
5.702	1.321	0.708	1.180	1.103	8.445	3.077
5.745	1.310	0.762	1.217	0.895	8.185	3.019
5.868	1.222	0.640	1.297	0.802	7.893	2.954
5.856	1.161	0.679	1.292	1.119	7.676	2.964
5.777	1.073	0.665	1.243	1.381	7.406	2.924
5.623	1.029	0.678	1.195	1.474	7.305	2.884
5.394	0.958	0.844	1.090	1.612	7.132	2.838
5.300	0.890	0.853	0.948	2.091	6.715	2.799
5.526	0.705	0.839	0.831	2.762	6.257	2.820
5.926	0.618	0.850	0.728	3.140	5.577	2.807
6.157	0.684	0.879	0.690	3.827	5.257	2.916
6.376	0.809	0.932	0.675	4.220	5.030	3.007
6.185	1.044	1.114	0.671	4.344	4.608	2.994
6.044	1.284	1.327	0.708	4.891	4.584	3.140
5.878	1.498	1.451	0.782	5.316	4.541	3.244
5.491	1.667	1.603	0.831	5.655	4.468	3.286
5.260	1.833	1.893	0.813	6.280	4.579	3.443
5.251	1.953	2.141	0.767	6.326	4.589	3.504
5.049	2.050	2.335	0.742	6.450	4.480	3.518
4.924	2.060	2.586	0.683	6.681	4.391	3.554
4.998	2.080	2.806	0.635	7.121	4.264	3.651
4.936	2.035	2.871	0.588	6.782	4.143	3.559
4.970	1.933	2.925	0.554	6.828	4.276	3.581
5.015	1.762	3.162	0.526	6.512	4.362	3.557
5.045	1.641	3.808	0.521	6.126	4.112	3.542
4.982	1.536	3.865	0.535	6.018	3.748	3.447
4.912	1.443	4.064	0.503	6.141	3.716	3.463
4.905	1.456	4.484	0.502	6.373	3.716	3.573
4.948	1.340	4.702	0.493	6.789	3.562	3.639
4.941	1.274	5.179	0.445	6.774	3.309	3.654
4.823	1.162	5.256	0.370	6.774	3.114	3.583
4.648	1.022	5.395	0.326	7.221	2.731	3.557
4.771	0.892	5.711	0.293	7.630	2.511	3.635
4.917	0.851	5.819	0.281	7.707	2.550	3.687
5.097	0.853	6.027	0.287	7.476	2.714	3.742
5.241	0.871	6.051	0.292	6.990	2.998	3.741
5.318	0.868	5.903	0.308	6.728	3.109	3.706
5.463	0.886	5.926	0.360	6.064	3.403	3.684
5.122	0.961	6.098	0.377	5.323	3.630	3.585
4.948	1.069	6.283	0.424	4.027	3.779	3.422
4.999	1.231	6.257	0.513	3.233	3.982	3.369
5.073	1.366	6.031	0.682	3.557	4.408	3.520
5.130	1.519	6.018	0.926	3.210	4.399	3.534
4.916	1.697	6.171	1.162	3.148	4.006	3.517
4.725	1.942	6.224	1.383	2.878	3.531	3.447
4.599	2.278	6.349	1.554	2.816	3.338	3.489
4.499	2.583	6.177	1.698	3.179	3.261	3.566
4.628	2.823	6.282	1.953	3.541	3.516	3.791
4.604	3.105	5.946	2.341	3.009	3.741	3.791
4.535	3.448	5.839	2.593	2.870	3.914	3.867
4.578	3.678	6.217	2.648	2.855	3.904	3.980
4.639	4.064	6.054	2.790	2.870	4.013	4.072
4.864	4.164	5.970	2.853	3.318	4.054	4.204
5.028	4.340	5.816	2.790	4.174	4.309	4.410
4.971	4.187	6.020	2.678	4.699	4.497	4.509
4.408	3.992	6.250	2.489	5.007	4.302	4.408
4.201	3.962	6.011	2.180	5.370	4.071	4.299
4.199	4.549	6.029	1.913	5.154	3.842	4.281
4.292	5.011	5.877	1.833	5.154	3.449	4.269
4.285	5.341	5.597	1.712	5.640	3.408	4.330
4.460	5.160	5.492	1.724	5.732	3.025	4.265
4.608	4.904	4.962	1.850	5.115	2.791	4.038
4.568	4.361	4.604	1.985	4.992	2.752	3.877
4.974	3.976	4.296	2.218	5.478	3.307	4.041
5.535	3.931	4.201	2.363	5.578	3.760	4.228
5.919	3.766	4.507	2.484	5.432	3.996	4.351
6.030	3.600	4.446	2.515	4.799	4.114	4.251
6.032	3.325	4.561	2.499	5.200	3.900	4.253
6.059	3.088	4.269	2.653	5.277	4.039	4.231
5.987	2.759	4.063	2.691	5.570	4.059	4.188
6.104	2.679	3.926	2.798	5.254	3.777	4.090
6.141	2.408	4.101	2.769	5.285	3.485	4.032
6.215	2.139	4.072	2.739	5.030	3.259	3.909
6.315	2.057	3.975	2.629	4.305	3.220	3.750
6.401	2.020	3.752	2.513	3.449	3.203	3.556
6.329	1.990	3.888	2.358	3.024	3.169	3.460
6.444	1.824	4.189	2.277	2.631	2.844	3.368
6.479	1.593	4.125	2.129	2.438	2.646	3.235
6.294	1.426	4.045	1.987	2.392	2.581	3.121
5.949	1.342	4.324	1.692	2.199	2.203	2.951
5.757	1.243	4.640	1.502	2.207	1.899	2.875
5.526	1.237	4.883	1.402	1.821	1.600	2.745
5.427	1.202	5.187	1.276	1.396	1.379	2.644
5.308	1.281	5.513	1.163	1.450	1.326	2.673
5.180	1.386	5.642	1.079	1.281	1.287	2.643
5.063	1.324	5.617	1.079	1.242	1.222	2.591
5.038	1.244	5.651	1.053	1.042	1.388	2.569
5.264	1.347	5.582	1.047	0.787	1.788	2.636
5.488	1.533	5.188	1.036	0.610	2.186	2.673
5.543	1.744	4.638	1.019	0.679	2.535	2.693
5.508	1.852	4.724	0.969	0.725	2.601	2.730
5.265	1.989	4.560	0.940	0.772	2.998	2.754
5.027	2.049	4.403	0.960	0.856	3.579	2.812
4.765	2.155	4.254	1.076	0.949	3.644	2.807
4.632	2.342	4.611	1.211	0.949	3.769	2.919
4.471	2.562	4.890	1.354	1.065	3.733	3.013
4.334	2.794	5.126	1.515	0.972	3.591	3.055
4.359	2.996	5.050	1.713	0.980	3.439	3.090
4.366	3.242	5.164	1.871	0.880	3.365	3.148
4.275	3.382	5.387	2.074	0.818	3.396	3.222
4.515	3.497	5.861	2.330	0.864	3.557	3.437
4.670	3.587	5.859	2.526	0.957	4.109	3.618
4.282	3.712	5.683	2.787	1.057	4.654	3.696
3.640	3.756	5.507	3.013	1.150	3.822	3.481
3.265	3.677	5.235	3.205	1.427	2.586	3.233
2.934	3.802	5.283	3.482	1.597	1.906	3.167
2.809	3.881	5.657	3.661	1.744	1.690	3.240
2.957	3.872	5.660	3.740	2.207	1.564	3.333
3.144	3.725	5.493	3.868	2.446	1.530	3.368
3.094	3.654	5.157	4.157	2.068	1.993	3.354
3.175	3.846	4.867	4.556	1.589	2.282	3.386
3.417	4.014	4.753	4.913	1.528	2.950	3.596
3.795	4.271	4.653	4.963	1.404	3.495	3.763
3.892	4.158	4.232	4.871	1.312	3.907	3.729
3.857	3.749	4.266	4.754	1.373	3.743	3.624
3.756	3.582	4.038	4.853	1.396	3.340	3.494
3.652	3.737	3.997	5.220	1.358	2.928	3.482
3.683	3.512	3.757	5.431	1.242	2.849	3.412
3.735	3.167	4.114	5.486	1.234	2.738	3.412
3.741	2.889	3.987	5.495	1.003	2.728	3.307
3.828	2.781	3.964	5.375	1.188	2.887	3.337
4.025	2.791	4.032	5.370	1.204	3.150	3.429
4.171	2.608	4.088	5.346	1.474	3.275	3.494
4.290	2.427	3.788	5.282	1.304	3.042	3.355
4.311	2.445	4.187	5.289	0.995	2.755	3.330
4.319	2.146	3.978	5.044	0.802	3.039	3.221
4.307	1.961	4.150	4.532	0.610	3.177	3.123
4.261	1.696	4.121	4.433	0.579	2.776	2.978
4.262	1.467	3.938	4.316	0.509	2.297	2.798
4.456	1.402	4.040	4.313	0.841	1.516	2.761
4.775	1.556	4.033	4.117	0.563	1.212	2.709
5.110	1.646	3.814	4.068	0.664	1.058	2.727
5.346	1.722	3.908	3.714	0.679	0.942	2.719
5.393	1.639	4.213	3.203	0.710	1.169	2.721
5.482	1.460	4.406	2.779	0.525	1.424	2.679
5.461	1.595	4.177	2.709	0.432	1.733	2.684
5.531	1.692	4.276	2.616	0.339	2.326	2.797
5.602	1.818	4.562	2.393	0.455	2.979	2.968
5.654	1.914	4.920	2.307	0.671	3.601	3.178
5.730	2.025	5.295	2.298	0.787	3.888	3.337
5.621	2.122	5.228	2.171	1.088	3.950	3.363
5.477	2.131	5.291	2.231	1.358	3.659	3.358
5.194	2.236	5.617	2.154	1.281	3.408	3.315
4.910	2.365	5.853	2.191	1.335	3.107	3.293
4.685	2.893	5.766	2.359	1.497	3.205	3.401
4.314	3.365	5.747	2.638	1.350	3.201	3.436
3.972	3.832	5.661	3.005	1.165	3.567	3.534
3.800	4.198	5.891	3.445	0.787	3.837	3.660
3.769	4.750	6.328	3.998	0.540	4.003	3.898
3.753	5.462	6.464	4.521	0.455	5.165	4.303
3.702	6.168	6.790	5.167	0.339	5.835	4.667
3.586	6.772	6.960	5.849	0.216	5.440	4.804
3.564	7.307	6.763	6.664	0.170	3.837	4.717
3.644	8.278	6.719	7.449	0.147	3.639	4.979
3.943	8.869	6.433	8.170	0.147	4.618	5.363
4.241	9.075	6.553	8.710	0.332	4.329	5.540
4.571	9.280	6.579	9.006	0.702	4.092	5.705
4.539	9.446	6.795	9.444	0.972	3.743	5.823
4.396	9.234	6.630	9.631	1.697	3.627	5.869
4.325	8.892	6.482	9.619	2.114	3.709	5.857
4.663	8.388	6.455	9.281	2.338	4.372	5.916
4.639	7.771	6.312	9.219	2.361	4.680	5.830
4.584	6.872	6.344	9.067	2.230	4.738	5.639
4.532	6.031	6.227	8.715	2.199	4.649	5.392
4.624	5.529	5.892	8.319	2.191	4.599	5.192
4.536	5.365	5.826	7.858	2.261	4.864	5.118
4.761	5.305	6.013	7.670	1.983	5.216	5.158
5.018	5.625	5.690	7.489	1.636	5.358	5.136
5.028	5.933	5.896	7.350	1.620	5.447	5.212
5.356	6.265	6.135	7.292	1.543	5.406	5.333
5.883	6.404	6.082	7.307	1.636	5.143	5.409
6.238	6.649	6.029	7.470	1.705	5.285	5.563
6.514	6.795	5.938	7.648	1.528	5.751	5.696
6.789	6.935	5.880	7.728	1.389	6.100	5.804
6.887	6.924	5.492	7.684	1.150	6.356	5.749
7.345	7.141	5.249	7.783	0.988	6.556	5.844
7.831	7.065	5.044	7.609	0.795	6.811	5.859
8.385	7.218	5.091	7.548	0.671	6.948	5.977
9.015	7.358	4.987	7.088	0.563	7.659	6.112
9.448	7.597	4.768	6.450	0.471	8.286	6.170
9.635	7.615	4.757	5.593	0.363	8.479	6.074
9.820	7.409	4.641	4.840	0.255	9.151	6.019
9.838	7.086	4.333	4.456	0.231	9.416	5.893
9.870	6.896	3.837	4.230	0.293	9.375	5.750
9.922	7.215	4.143	3.860	0.347	9.325	5.802
9.745	7.764	3.964	3.545	0.324	9.134	5.746
9.678	7.867	3.900	3.245	0.594	9.306	5.765
9.607	7.857	3.459	3.015	1.072	9.349	5.726
9.638	7.854	4.031	2.755	1.420	9.306	5.834
9.623	7.580	3.755	2.439	1.782	9.303	5.747
9.437	7.295	4.001	2.246	2.230	9.298	5.751
8.933	7.049	3.982	2.020	2.831	9.349	5.694
8.474	6.887	4.230	1.967	3.464	9.356	5.730
8.117	6.894	3.883	1.988	4.321	9.378	5.763
8.299	6.674	3.503	2.012	4.984	9.462	5.822
8.756	6.588	3.423	2.066	5.717	9.375	5.988
8.911	6.948	3.864	2.051	6.180	9.539	6.249
8.923	6.864	4.031	2.115	6.681	9.539	6.359
8.944	6.797	4.013	2.130	7.422	9.573	6.480
8.894	6.627	4.170	2.154	8.055	9.698	6.600
8.784	6.468	4.064	2.172	8.194	9.749	6.572
8.714	6.216	4.331	2.002	8.703	9.807	6.629
8.815	5.780	4.574	1.962	9.004	9.809	6.657
8.757	5.380	5.031	1.842	8.996	9.631	6.606
8.622	4.956	5.077	1.574	8.548	9.841	6.436
8.431	4.324	5.002	1.408	8.248	9.884	6.216
8.258	3.507	5.079	1.291	7.985	9.833	5.992
8.105	3.063	5.010	1.350	8.008	9.850	5.898
8.026	2.618	5.074	1.545	7.329	9.723	5.719
7.606	2.355	5.299	1.655	7.121	9.665	5.617
7.285	2.072	5.538	1.745	6.797	9.744	5.530
7.424	2.130	5.469	1.741	6.056	9.860	5.447
7.453	2.172	5.618	1.747	5.802	9.694	5.414
7.418	2.100	5.878	1.750	5.524	9.532	5.367
7.064	2.052	6.142	1.782	5.748	9.506	5.382
6.619	1.958	5.852	1.943	5.948	9.113	5.239
6.569	1.948	5.595	2.126	6.141	8.843	5.204
6.362	1.942	5.359	2.291	6.218	8.874	5.174
6.561	1.832	4.915	2.315	6.527	8.990	5.190
6.989	1.867	4.841	2.223	6.550	9.127	5.266
7.150	2.016	4.366	2.137	6.303	8.987	5.160
7.602	2.063	4.306	2.060	6.581	9.048	5.277
7.657	2.203	4.886	2.009	6.643	9.052	5.408
7.838	2.313	5.102	1.942	6.982	8.660	5.473
8.203	2.515	5.163	1.855	6.836	8.537	5.518
8.602	2.838	5.393	1.797	6.805	8.795	5.705
8.793	3.320	5.602	1.770	6.542	9.019	5.841
8.644	3.744	5.625	1.718	6.512	9.159	5.900
8.200	3.927	5.710	1.681	6.620	9.091	5.872
7.920	4.250	5.837	1.608	6.720	9.202	5.923
8.269	4.557	6.453	1.676	6.674	8.930	6.093
8.334	4.719	7.022	1.843	6.110	8.493	6.087
8.126	4.987	7.157	1.991	6.049	8.219	6.088
8.006	4.956	7.056	2.140	6.033	8.050	6.040
7.729	5.023	6.864	2.237	5.848	7.691	5.899
7.614	5.088	6.523	2.193	5.864	7.144	5.738
7.654	5.252	6.540	2.094	6.002	7.175	5.786
